Datetime,Water Level (m)
2026-02-09 00:00:00,-0.3265114
2026-02-09 01:00:00,-0.5409281
2026-02-09 02:00:00,-0.7059893
2026-02-09 03:00:00,-0.84518194
2026-02-09 04:00:00,-0.9510629
2026-02-09 05:00:00,-0.9674104
2026-02-09 06:00:00,-0.7034932
2026-02-09 07:00:00,-0.36992323
2026-02-09 08:00:00,-0.068056464
2026-02-09 09:00:00,0.14913613
2026-02-09 10:00:00,0.19260016
2026-02-09 11:00:00,0.10265924
2026-02-09 12:00:00,-0.109592065
2026-02-09 13:00:00,-0.31309777
2026-02-09 14:00:00,-0.49789232
2026-02-09 15:00:00,-0.6143382
2026-02-09 16:00:00,-0.6726625
2026-02-09 17:00:00,-0.6586421
2026-02-09 18:00:00,-0.498546
2026-02-09 19:00:00,-0.2850132
2026-02-09 20:00:00,-0.0801255
2026-02-09 21:00:00,0.04062
2026-02-09 22:00:00,0.03731976
2026-02-09 23:00:00,-0.10100886
2026-02-10 00:00:00,-0.3057693
2026-02-10 01:00:00,-0.5073571
2026-02-10 02:00:00,-0.68011093
2026-02-10 03:00:00,-0.7963434
2026-02-10 04:00:00,-0.8814076
2026-02-10 05:00:00,-0.8967795
2026-02-10 06:00:00,-0.7805379
2026-02-10 07:00:00,-0.5516028
2026-02-10 08:00:00,-0.3308589
2026-02-10 09:00:00,-0.12665053
2026-02-10 10:00:00,0.008792787
2026-02-10 11:00:00,0.060654745
2026-02-10 12:00:00,0.026143884
2026-02-10 13:00:00,-0.093738504
2026-02-10 14:00:00,-0.25051185
2026-02-10 15:00:00,-0.40003926
2026-02-10 16:00:00,-0.5150782
2026-02-10 17:00:00,-0.5689152
2026-02-10 18:00:00,-0.55430824
2026-02-10 19:00:00,-0.45504603
2026-02-10 20:00:00,-0.3382284
2026-02-10 21:00:00,-0.2285192
2026-02-10 22:00:00,-0.17289387
2026-02-10 23:00:00,-0.20174854
2026-02-11 00:00:00,-0.3088118
2026-02-11 01:00:00,-0.4405484
2026-02-11 02:00:00,-0.5704605
2026-02-11 03:00:00,-0.6735687
2026-02-11 04:00:00,-0.7583786
2026-02-11 05:00:00,-0.83238643
2026-02-11 06:00:00,-0.8611584
2026-02-11 07:00:00,-0.7764723
2026-02-11 08:00:00,-0.59582525
2026-02-11 09:00:00,-0.41127825
2026-02-11 10:00:00,-0.21952453
2026-02-11 11:00:00,-0.07929705
2026-02-11 12:00:00,-0.008633352
2026-02-11 13:00:00,-0.009900369
2026-02-11 14:00:00,-0.05822514
2026-02-11 15:00:00,-0.15532908
2026-02-11 16:00:00,-0.27909982
2026-02-11 17:00:00,-0.3974264
2026-02-11 18:00:00,-0.4901804
2026-02-11 19:00:00,-0.5503054
2026-02-11 20:00:00,-0.57778186
2026-02-11 21:00:00,-0.55719584
2026-02-11 22:00:00,-0.46270233
2026-02-11 23:00:00,-0.3650139
2026-02-12 00:00:00,-0.31218266
2026-02-12 01:00:00,-0.32999477
2026-02-12 02:00:00,-0.40002212
2026-02-12 03:00:00,-0.4858608
2026-02-12 04:00:00,-0.5821537
2026-02-12 05:00:00,-0.68101835
2026-02-12 06:00:00,-0.775076
2026-02-12 07:00:00,-0.8477375
2026-02-12 08:00:00,-0.8588467
2026-02-12 09:00:00,-0.763195
2026-02-12 10:00:00,-0.5652821
2026-02-12 11:00:00,-0.3384894
2026-02-12 12:00:00,-0.11730132
2026-02-12 13:00:00,0.038981657
2026-02-12 14:00:00,0.10632944
2026-02-12 15:00:00,0.08642008
2026-02-12 16:00:00,-0.012012241
2026-02-12 17:00:00,-0.1678763
2026-02-12 18:00:00,-0.33586633
2026-02-12 19:00:00,-0.49517384
2026-02-12 20:00:00,-0.61353844
2026-02-12 21:00:00,-0.70103866
2026-02-12 22:00:00,-0.73391837
2026-02-12 23:00:00,-0.666056
2026-02-13 00:00:00,-0.48307216
2026-02-13 01:00:00,-0.32782084
2026-02-13 02:00:00,-0.22675504
2026-02-13 03:00:00,-0.20787397
2026-02-13 04:00:00,-0.27566773
2026-02-13 05:00:00,-0.40994844
2026-02-13 06:00:00,-0.57432413
2026-02-13 07:00:00,-0.7356957
2026-02-13 08:00:00,-0.86399955
2026-02-13 09:00:00,-0.9392223
2026-02-13 10:00:00,-0.89518005
2026-02-13 11:00:00,-0.6178626
2026-02-13 12:00:00,-0.34663546
2026-02-13 13:00:00,-0.060271457
2026-02-13 14:00:00,0.1515166
2026-02-13 15:00:00,0.23702468
2026-02-13 16:00:00,0.22361429
2026-02-13 17:00:00,0.10340271
2026-02-13 18:00:00,-0.11193039
2026-02-13 19:00:00,-0.33803478
2026-02-13 20:00:00,-0.5465943
2026-02-13 21:00:00,-0.7052221
2026-02-13 22:00:00,-0.8223678
2026-02-13 23:00:00,-0.87607926
2026-02-14 00:00:00,-0.7348005
2026-02-14 01:00:00,-0.4238937
2026-02-14 02:00:00,-0.19940244
2026-02-14 03:00:00,-0.041746352
2026-02-14 04:00:00,-0.037107
2026-02-14 05:00:00,-0.14764799
2026-02-14 06:00:00,-0.35249776
2026-02-14 07:00:00,-0.5630821
2026-02-14 08:00:00,-0.75707054
2026-02-14 09:00:00,-0.9080968
2026-02-14 10:00:00,-0.99949205
2026-02-14 11:00:00,-0.9591517
2026-02-14 12:00:00,-0.6084796
2026-02-14 13:00:00,-0.29028067
2026-02-14 14:00:00,0.052747943
2026-02-14 15:00:00,0.3022946
2026-02-14 16:00:00,0.39784575
2026-02-14 17:00:00,0.3624722
2026-02-14 18:00:00,0.15555046
2026-02-14 19:00:00,-0.12543689
2026-02-14 20:00:00,-0.3894703
2026-02-14 21:00:00,-0.61088246
2026-02-14 22:00:00,-0.7791159
2026-02-14 23:00:00,-0.9086748
2026-02-15 00:00:00,-0.9439984
